sha256	size	archive_name	source
43567F2D450177193E5130C048EBB4FF48E764D7069E7277F27B1EB8D36A6FB0	5225	RimMT-D2.2-CleanPathfinding-A1__43567F2D4501.zip	analysis/packages/RimMT-D2.2-CleanPathfinding-A1.zip
84C4F85DF6AE4299F9F7714A6686D31B33C9E99DA91C3F95AAE088C035F5CFCB	8694	RimMT-D2.2-CleanPathfinding-A2__84C4F85DF6AE.zip	analysis/packages/RimMT-D2.2-CleanPathfinding-A2.zip
7A2FBEA164FD67B4E972ABBC5E335113E9E2A95462F325FED2C97E66A94FFC93	263966	RimMT-V0.9.3-T34D.2.2-best-baseline__7A2FBEA164FD.zip	analysis/packages/RimMT-V0.9.3-T34D.2.2-best-baseline.zip
F681E09896A89C322205C1BEADB2FC36C8B4A61202181666EBC5464BF4577488	295769	RimMT-V0.9.3-T34D.2.3-Self-Conflict-Cleanup__F681E09896A8.zip	analysis/packages/RimMT-V0.9.3-T34D.2.3-Self-Conflict-Cleanup.zip
3382C844691DD5B736772EB033E134A3775AC30A8EBCEBF183C2E50870B2F73A	183310	RimMT-V0.9.3-T34D.3.1__3382C844691D.zip	analysis/packages/RimMT-V0.9.3-T34D.3.1.zip
3DF993EBB1FCBD025B34B44962F3C6D57AB0AA0E0BB3E71B4CA4EBBB964FBE45	183301	RimMT-V0.9.3-T34D.3.2.1__3DF993EBB1FC.zip	analysis/packages/RimMT-V0.9.3-T34D.3.2.1.zip
CCBBCED6B1EC5F147CA36F59C250C90350B2CF547C90B550168A8257FAC85C43	184402	RimMT-V0.9.3-T34D.3.2__CCBBCED6B1EC.zip	analysis/packages/RimMT-V0.9.3-T34D.3.2.zip
1669BB07B3CB6B14CC38065782EE1BDBDD63B48B09B9B0AF538D8D1E0FA55A5E	183334	RimMT-V0.9.3-T34D.3__1669BB07B3CB.zip	analysis/packages/RimMT-V0.9.3-T34D.3.zip
D5AF001962DF293B733AAFD67DD83E502843803917FC58A0CF8E133E5B157748	22134	RimMT-Wait-DCP-Deep-Diagnostics-v0.4.1__D5AF001962DF.zip	analysis/packages/RimMT-Wait-DCP-Deep-Diagnostics-v0.4.1.zip
0B1383A81FE72B6C42C05A749CF4B7523741B7CC00D3DBDD50E821720B10C610	21879	RimMT-Wait-DCP-Deep-Diagnostics-v0.4__0B1383A81FE7.zip	analysis/packages/RimMT-Wait-DCP-Deep-Diagnostics-v0.4.zip
9BA5A1C21FE24CB9E0DAEF69F4D7932A5270879D16E60437A2CE22CFDB58877B	15354	RimMT-Wait-Root-Cause-Probe-v0.1__9BA5A1C21FE2.zip	analysis/packages/RimMT-Wait-Root-Cause-Probe-v0.1.zip
869E1A3BB0E6C943736746595EE4C1F11A19A864748F512D5EBC8E41A4319C49	265667	RimMT_V0.9.3_T34D2_DoBillReadinessWorkers__869E1A3BB0E6.zip	analysis/RimMT_V0.9.3_T34D2_DoBillReadinessWorkers.zip
22E3B9DA91A111F596666C9069376DF6CD24032911FF49569393AF65F1D41901	265802	RimMT_V0.9.3_T34D2.1_DoBillWorkerAdmissionFix__22E3B9DA91A1.zip	analysis/RimMT_V0.9.3_T34D2.1_DoBillWorkerAdmissionFix.zip
D847608B2FF1CFB5BB8C52294D292EB154FDA2F3AF32859DD648915DB3A65877	263966	RimMT_V0.9.3_T34D2.2_DoBillWorkerRetirement__D847608B2FF1.zip	analysis/RimMT_V0.9.3_T34D2.2_DoBillWorkerRetirement.zip
485EBA64048056D436E1D03B70163F41D83837D6298875DF9762B8F8CCAFE374	35921	RimMT-Diagnostics-v0.20.7__485EBA640480.zip	analysis/RimMT-Diagnostics-v0.20.7.zip
D056AE9F6FC6BFD0FCACE5CB9641F98BAAD66125843F7E69CE8EB29B2AB65C08	584825	rimmt-t34c4-exact-source__D056AE9F6FC6.zip	analysis/rimmt-t34c4-exact-source.zip
F731E00D49D9D89DE6A10572B3B4B694ACA5ABD5E04415714CFC7953517D4B4C	34195	RimMT_Diagnostics_v0.10__F731E00D49D9.zip	analysis/rimmt-t34c4-exact/build/RimMT_Diagnostics_v0.10.zip
759E4D2B5D186164631F97003F7BD21DAA17D9BC0C8919AC6389C5D74854DC8A	34181	RimMT_Diagnostics_v0.11__759E4D2B5D18.zip	analysis/rimmt-t34c4-exact/build/RimMT_Diagnostics_v0.11.zip
32ECE3DE04860D0C272FF776142260F8BACACE49775A2B6BFE7FCF6EAA7B03C7	34203	RimMT_Diagnostics_v0.12__32ECE3DE0486.zip	analysis/rimmt-t34c4-exact/build/RimMT_Diagnostics_v0.12.zip
110FAAE17D2F866B51EEBCFF682B6568C4BDD2A6FCCAA2FCB06D94AD83B04344	34240	RimMT_Diagnostics_v0.13__110FAAE17D2F.zip	analysis/rimmt-t34c4-exact/build/RimMT_Diagnostics_v0.13.zip
4D81CF9FE8D5EBCFBA230A9003255947802CD6DD20D034EEB2E80DF8E2308398	34215	RimMT_Diagnostics_v0.14__4D81CF9FE8D5.zip	analysis/rimmt-t34c4-exact/build/RimMT_Diagnostics_v0.14.zip
4082D133E615FD7F2CD0AFED3008FAA6C18DBCAB88432AA270DA42F93007AD08	34303	RimMT_Diagnostics_v0.17_T34A__4082D133E615.zip	analysis/rimmt-t34c4-exact/build/RimMT_Diagnostics_v0.17_T34A.zip
130367B1BA91302D31696D77750C566764DFB453C18E850C56A8C89BDE944923	34333	RimMT_Diagnostics_v0.18_T34B__130367B1BA91.zip	analysis/rimmt-t34c4-exact/build/RimMT_Diagnostics_v0.18_T34B.zip
CC632166DF33403B0E74AAA1FC0E28F11B642C79110E6CA95C6ED7DBE6E256E5	34358	RimMT_Diagnostics_v0.19.4_T34C4__CC632166DF33.zip	analysis/rimmt-t34c4-exact/build/RimMT_Diagnostics_v0.19.4_T34C4.zip
402588E01ABE83DEE26D87ACBD0157B40F755C72FB62D067CEC377A9191BD821	33592	RimMT_Diagnostics_v0.3__402588E01ABE.zip	analysis/rimmt-t34c4-exact/build/RimMT_Diagnostics_v0.3.zip
40E89A62A8016E1C39ECF105801CA395E721BC0FF2DDE06B3B0D59847E915B22	34243	RimMT_Diagnostics_v0.5__40E89A62A801.zip	analysis/rimmt-t34c4-exact/build/RimMT_Diagnostics_v0.5.zip
BFC5660F46BB53A13E25D7D40541284ADD376C4728E407344D07F6E58B124028	34233	RimMT_Diagnostics_v0.6__BFC5660F46BB.zip	analysis/rimmt-t34c4-exact/build/RimMT_Diagnostics_v0.6.zip
5477770C89A7F8A2E886AC58C259434FAE1FB53847C14B9F13DD8E4282C39C30	275618	RimMT_T27.6_With_Diagnostics_Bundle__5477770C89A7.zip	analysis/rimmt-t34c4-exact/build/RimMT_T27.6_With_Diagnostics_Bundle.zip
F07301DC02DB2D683956335C99825D9D793E677FC6A9CB11A0003934ADD41D0A	273782	RimMT_T27.8_With_Diagnostics_Bundle__F07301DC02DB.zip	analysis/rimmt-t34c4-exact/build/RimMT_T27.8_With_Diagnostics_Bundle.zip
B0F4D475843DC25A8D68F640EA2B5AD2D849F4982C54E503F5D7474795649EAA	273675	RimMT_T28_With_Diagnostics_Bundle__B0F4D475843D.zip	analysis/rimmt-t34c4-exact/build/RimMT_T28_With_Diagnostics_Bundle.zip
B945A335A534C1C594CD27A23609A505F0FE6A8F98E85588AAF0CCC63BC3B71A	273701	RimMT_T32A_With_Diagnostics_Bundle__B945A335A534.zip	analysis/rimmt-t34c4-exact/build/RimMT_T32A_With_Diagnostics_Bundle.zip
EE31BD7C06C0B3CA8B6780A87A69055DBC6BED2C3BFFCF99DE384F4FCECA0D70	274450	RimMT_T32B_With_Diagnostics_Bundle__EE31BD7C06C0.zip	analysis/rimmt-t34c4-exact/build/RimMT_T32B_With_Diagnostics_Bundle.zip
1A96858AFBC3DB788621768B55A649DD673E64F710E4E595597E73A8393932F5	275673	RimMT_T32B1_With_Diagnostics_Bundle__1A96858AFBC3.zip	analysis/rimmt-t34c4-exact/build/RimMT_T32B1_With_Diagnostics_Bundle.zip
2EB4E154AEC72B5D2FAB0A61743A89B60DB596F86A9C54B87B4CDCC95E724883	276422	RimMT_T32C_With_Diagnostics_Bundle__2EB4E154AEC7.zip	analysis/rimmt-t34c4-exact/build/RimMT_T32C_With_Diagnostics_Bundle.zip
6CE49D68E5A15677284F80872AE835385D0078EE1BD8C81CFF416FE006E131B2	276933	RimMT_T32C1_With_Diagnostics_Bundle__6CE49D68E5A1.zip	analysis/rimmt-t34c4-exact/build/RimMT_T32C1_With_Diagnostics_Bundle.zip
4DFF660D643F9070BEEAB90F94F6120AE7188F7789E020E29C321E0C6373D909	277088	RimMT_T34A_AsyncCandidateFabric_Bundle__4DFF660D643F.zip	analysis/rimmt-t34c4-exact/build/RimMT_T34A_AsyncCandidateFabric_Bundle.zip
5F8EBF4E343E6D1E29C783289CA1AD0DF30B5B0B420018754A1311BD1F534B0B	284634	RimMT_T34B_ScannerParallelFabric_Bundle__5F8EBF4E343E.zip	analysis/rimmt-t34c4-exact/build/RimMT_T34B_ScannerParallelFabric_Bundle.zip
9A15FD16A2E151CA9E7CF47E7DE7A2A93AAB77BCB47CDC652906736F50DC7C43	293651	RimMT_T34C4_RefuelEligibilityShadowCensus_Bundle__9A15FD16A2E1.zip	analysis/rimmt-t34c4-exact/build/RimMT_T34C4_RefuelEligibilityShadowCensus_Bundle.zip
E2F34E939DCCC6C9EDE71CFFCA225975D89FA93A533F8217AC4783E3241D22D3	242048	RimMT_V0.9.3_T27.6_Production__E2F34E939DCC.zip	analysis/rimmt-t34c4-exact/build/RimMT_V0.9.3_T27.6_Production.zip
DFF2F0385D51E7092ACE657304B9597432985FCFD9FF05D4B99BC77C11F541DC	239561	RimMT_V0.9.3_T27.8_Production__DFF2F0385D51.zip	analysis/rimmt-t34c4-exact/build/RimMT_V0.9.3_T27.8_Production.zip
48B46E51CD7D4348BE7E31F3DF9B71407CDC0809120820CFF30244C20F948612	239464	RimMT_V0.9.3_T28_Production__48B46E51CD7D.zip	analysis/rimmt-t34c4-exact/build/RimMT_V0.9.3_T28_Production.zip
655E2F588FC91E41D929790247D1B772D126C67599A609BB1219EC4B30EC329E	239528	RimMT_V0.9.3_T32A_Production__655E2F588FC9.zip	analysis/rimmt-t34c4-exact/build/RimMT_V0.9.3_T32A_Production.zip
624816177753B213270805059B7D823341801672C5932890421C175B31163EFE	240291	RimMT_V0.9.3_T32B_Production__624816177753.zip	analysis/rimmt-t34c4-exact/build/RimMT_V0.9.3_T32B_Production.zip
33E0EAAD1B2F7E049D310322E887C572663959C4FED91D52D6C492507152115A	241492	RimMT_V0.9.3_T32B1_Production__33E0EAAD1B2F.zip	analysis/rimmt-t34c4-exact/build/RimMT_V0.9.3_T32B1_Production.zip
430EB450ACFC52A43609B08BB372995338836C5C390041991CA8D7EF2FB5B92A	242204	RimMT_V0.9.3_T32C_Production__430EB450ACFC.zip	analysis/rimmt-t34c4-exact/build/RimMT_V0.9.3_T32C_Production.zip
CA682768EA9FE060D01148D81F6E946F40278012EFFA80CACE511FD8CBA70F47	242740	RimMT_V0.9.3_T32C1_Production__CA682768EA9F.zip	analysis/rimmt-t34c4-exact/build/RimMT_V0.9.3_T32C1_Production.zip
DE63CCEB157A36B6C8C7C5EA7F8B5E1BEBF1E20BDB48769CCFF744D00020A36D	242807	RimMT_V0.9.3_T34A_AsyncCandidateFabric__DE63CCEB157A.zip	analysis/rimmt-t34c4-exact/build/RimMT_V0.9.3_T34A_AsyncCandidateFabric.zip
A21F47D3B2DC2D256EE65D8ADD669CAE438707CC7E458AB2C74B5CD05FA94698	250323	RimMT_V0.9.3_T34B_ScannerParallelFabric__A21F47D3B2DC.zip	analysis/rimmt-t34c4-exact/build/RimMT_V0.9.3_T34B_ScannerParallelFabric.zip
5EC1B1547AAFD00C2CF3E63857A5BCBCB4544B69219B06D3D263CAAF12CA3691	259315	RimMT_V0.9.3_T34C4_RefuelEligibilityShadowCensus__5EC1B1547AAF.zip	analysis/rimmt-t34c4-exact/build/RimMT_V0.9.3_T34C4_RefuelEligibilityShadowCensus.zip
691259D2BB94F991B2C52C8D151BC4470A3AFFE80044E742E842FC1112E21AB5	262680	RimMT_V0.9.3_T34D_AggressiveParallelScanner__691259D2BB94.zip	analysis/rimmt-t34c4-fullparallel/RimMT_V0.9.3_T34D_AggressiveParallelScanner.zip
7DE0AFE97ABCB7F160E2D0BFD49EED871C9CF92B3C9BC4678DE94943B1EF7465	263380	RimMT_V0.9.3_T34D1_ValidatorParallelKernel__7DE0AFE97ABC.zip	analysis/rimmt-t34c4-fullparallel/RimMT_V0.9.3_T34D1_ValidatorParallelKernel.zip
5E507DA2E9D427FAB19EE2CF2439C6FF7C12057226FB2A56A563BFFF2CB6D7AA	263694	RimMT_V0.9.3_T34D1.1_NestedApiGuard__5E507DA2E9D4.zip	analysis/rimmt-t34c4-fullparallel/RimMT_V0.9.3_T34D1.1_NestedApiGuard.zip
605AD04DBE30E796AFECEBAD4E5C5E6730C607BA2B08E4F268B90DA428AF8684	263762	RimMT_V0.9.3_T34D1.2_WorkerFastPath__605AD04DBE30.zip	analysis/rimmt-t34c4-fullparallel/RimMT_V0.9.3_T34D1.2_WorkerFastPath.zip
30637CDE5430334524DA43A507403C10E2BE3094AB30022119CD3164DC8CABEC	263977	RimMT_V0.9.3_T34D1.3_MapPawnCacheGuard__30637CDE5430.zip	analysis/rimmt-t34c4-fullparallel/RimMT_V0.9.3_T34D1.3_MapPawnCacheGuard.zip
D21A03A70AB08ED6CED87A944678C2FB9C6A85B372BAFC8E514C03BCBAECEDE1	564894	rimmt-t34c4-source__D21A03A70AB0.zip	analysis/rimmt-t34c4-source.zip
1C3FA2C62FB486E7707D88DC716DDC26F41697ED225370B5287B54F3D16CC43F	262325	RimMT-V0.9.3-T34D.2.4__1C3FA2C62FB4.zip	analysis/RimMT-V0.9.3-T34D.2.4.zip
4E9D956753241DEE5BBD39FF964225E0BA2BBF13747CAB9667CBA3C402F4C681	22501	RimMT-Wait-DCP-Deep-Diagnostics-v0.4.2__4E9D95675324.zip	analysis/RimMT-Wait-DCP-Deep-Diagnostics-v0.4.2.zip
F579311B9FE71239C85A8F36CD7117766F141E89E380F70C04941EC5132EB6C7	272386	RimMT-D23-C4O1-A25-20260929__F579311B9FE7.zip	build/RimMT-D23-C4O1-A25-20260929.zip
9F809B55C640FCB47EBCD10011980DE788C6D9CEE6B9AEE2105C5D814F961732	63090	RimMT-V0.9.3-T34D.2.4-Slim-Baseline-20260929__9F809B55C640.zip	build/RimMT-V0.9.3-T34D.2.4-Slim-Baseline-20260929.zip
7A996CF719B4CEDD82E7B6DEDA7B8C85A78006EECB579C072B25EA9D1FE0F3C2	762337	RimMT-V0.9.3-T34D.2.4-Slim-Baseline-Source-20260929__7A996CF719B4.zip	build/RimMT-V0.9.3-T34D.2.4-Slim-Baseline-Source-20260929.zip
5CC82AAE4DE6F3979FE9088CB8E99462F410884A34E54837DE221E3A6AA017BB	34362	RimMT_Diagnostics_v0.10__5CC82AAE4DE6.zip	Rimworld-Project-c10-build/build/RimMT_Diagnostics_v0.10.zip
0646D3DC548890917D1B6FD12AFCD7C66F1BEB377E5A50ADE9FD224A345F54E6	34348	RimMT_Diagnostics_v0.11__0646D3DC5488.zip	Rimworld-Project-c10-build/build/RimMT_Diagnostics_v0.11.zip
A45DCA955A3BA4CF6BF57D3B49E80272EF1498095A90364D0B5014983DBAC48B	34366	RimMT_Diagnostics_v0.12__A45DCA955A3B.zip	Rimworld-Project-c10-build/build/RimMT_Diagnostics_v0.12.zip
6378AA14CEEA21D3CF25213EE387F4113A87EDE467B085073E6C5A64AB5213BD	34399	RimMT_Diagnostics_v0.13__6378AA14CEEA.zip	Rimworld-Project-c10-build/build/RimMT_Diagnostics_v0.13.zip
A8836F0BBDE5B65D93E17CE2D735884D09E10C78B06AEC93213416E5C2D7DD49	34379	RimMT_Diagnostics_v0.14__A8836F0BBDE5.zip	Rimworld-Project-c10-build/build/RimMT_Diagnostics_v0.14.zip
C8F197F6537DAB99ED37C1A76B99E35733DA79A57679CAAA92E105184B9B01FD	34462	RimMT_Diagnostics_v0.17_T34A__C8F197F6537D.zip	Rimworld-Project-c10-build/build/RimMT_Diagnostics_v0.17_T34A.zip
D4869B1A5D8C8CF5AACBBE293081BAD75CFB51EB98077D475D23598C96D1AEF9	34499	RimMT_Diagnostics_v0.18_T34B__D4869B1A5D8C.zip	Rimworld-Project-c10-build/build/RimMT_Diagnostics_v0.18_T34B.zip
FE2B4E3FB2C8DACB3CC1B806409AFD78199F4D6C63ACC7D084E6DA7676C93E86	34487	RimMT_Diagnostics_v0.19.7_T34C7__FE2B4E3FB2C8.zip	Rimworld-Project-c10-build/build/RimMT_Diagnostics_v0.19.7_T34C7.zip
6D424ABDFEEBF49F5056C65FA67D307A39880C36DE9EFD069D79C56FEB09074F	33756	RimMT_Diagnostics_v0.3__6D424ABDFEEB.zip	Rimworld-Project-c10-build/build/RimMT_Diagnostics_v0.3.zip
514F738DE99F77D816621C51DC7F8BC8895FD2635A7A8EE3196C7E565DABCBD5	34411	RimMT_Diagnostics_v0.5__514F738DE99F.zip	Rimworld-Project-c10-build/build/RimMT_Diagnostics_v0.5.zip
500BCEEA9B8AD72576D84E0B31C57FA6359FD89762FFFB7BAB38DB23542F28F5	34403	RimMT_Diagnostics_v0.6__500BCEEA9B8A.zip	Rimworld-Project-c10-build/build/RimMT_Diagnostics_v0.6.zip
696B722805785E50302E10EB13A0C7A0109760884155A7765CF87969566B6B12	275903	RimMT_T27.6_With_Diagnostics_Bundle__696B72280578.zip	Rimworld-Project-c10-build/build/RimMT_T27.6_With_Diagnostics_Bundle.zip
2BA86E24257B0CC2454C7F4EB4D2262F2D5BB4B95D01D94BDA55FC42924B181E	274115	RimMT_T27.8_With_Diagnostics_Bundle__2BA86E24257B.zip	Rimworld-Project-c10-build/build/RimMT_T27.8_With_Diagnostics_Bundle.zip
C00E9A404387F63DDCA69B513E446A230576F41BD70815D707F4A6F2F878E2FB	273993	RimMT_T28_With_Diagnostics_Bundle__C00E9A404387.zip	Rimworld-Project-c10-build/build/RimMT_T28_With_Diagnostics_Bundle.zip
BC55387AF2F638AEF3A426A9529D0549493FE66E36E5446A2952CCF21894D17A	273998	RimMT_T32A_With_Diagnostics_Bundle__BC55387AF2F6.zip	Rimworld-Project-c10-build/build/RimMT_T32A_With_Diagnostics_Bundle.zip
23132F9E1C7E21EEC0A55957EE407696A51DB892AD060D9255B07C6C85114C9B	274766	RimMT_T32B_With_Diagnostics_Bundle__23132F9E1C7E.zip	Rimworld-Project-c10-build/build/RimMT_T32B_With_Diagnostics_Bundle.zip
2D18FDD940285C1C65ED791AFED1A0789751A8E515236CB22FED874A58CFD698	275982	RimMT_T32B1_With_Diagnostics_Bundle__2D18FDD94028.zip	Rimworld-Project-c10-build/build/RimMT_T32B1_With_Diagnostics_Bundle.zip
22E665E1DC7031CF89F80A9DF0D6492DD3AD2D2B265735AE33CA88E51A476519	276718	RimMT_T32C_With_Diagnostics_Bundle__22E665E1DC70.zip	Rimworld-Project-c10-build/build/RimMT_T32C_With_Diagnostics_Bundle.zip
DF69B7B75C97B84C3879BA40A05CC671FC2BCDE091F176698D07F34FF76BDEF8	277245	RimMT_T32C1_With_Diagnostics_Bundle__DF69B7B75C97.zip	Rimworld-Project-c10-build/build/RimMT_T32C1_With_Diagnostics_Bundle.zip
70F9B74E738305383FED05C761293D390D31680F34D994CED3F3541C4F35408E	277388	RimMT_T34A_AsyncCandidateFabric_Bundle__70F9B74E7383.zip	Rimworld-Project-c10-build/build/RimMT_T34A_AsyncCandidateFabric_Bundle.zip
2A94F6A295F56648A2D0E42D374C063745A52B007840468CBDF8523236A6B954	284949	RimMT_T34B_ScannerParallelFabric_Bundle__2A94F6A295F5.zip	Rimworld-Project-c10-build/build/RimMT_T34B_ScannerParallelFabric_Bundle.zip
3465C7C2AD4012C93D771EFAD8D4085334740C5B4903F1C8D4E7F59B3E15C585	305162	RimMT_T34C10_TargetCountParallelFabric_Bundle__3465C7C2AD40.zip	Rimworld-Project-c10-build/build/RimMT_T34C10_TargetCountParallelFabric_Bundle.zip
C74CDDF5FA893871A082A8420F006011F1AB417D7D58CB1294DAC88F19813877	293854	RimMT_T34C7_ReuseGatedClassificationKernel_Bundle__C74CDDF5FA89.zip	Rimworld-Project-c10-build/build/RimMT_T34C7_ReuseGatedClassificationKernel_Bundle.zip
07377D84F0FE55ADF37667D79B06172080964A25C96E539091A8831AE0C86D2D	297147	RimMT_T34C8_RootFrameStallCensus_Bundle__07377D84F0FE.zip	Rimworld-Project-c10-build/build/RimMT_T34C8_RootFrameStallCensus_Bundle.zip
47FB409A415C07F972F6A100D07DCE365CD97BADC4E393F2E1560703A0096C62	300609	RimMT_T34C9_ParallelDoBillReadiness_Bundle__47FB409A415C.zip	Rimworld-Project-c10-build/build/RimMT_T34C9_ParallelDoBillReadiness_Bundle.zip
E5905719DEF3E9B2E7C7E16559CEED38E54EDFED400348B2D19FAC9B9E6DAD37	242169	RimMT_V0.9.3_T27.6_Production__E5905719DEF3.zip	Rimworld-Project-c10-build/build/RimMT_V0.9.3_T27.6_Production.zip
30D9A09BB9868C1AB6916FAFD6552CA380139F8ED787733425FC1DD81A19F72A	239726	RimMT_V0.9.3_T27.8_Production__30D9A09BB986.zip	Rimworld-Project-c10-build/build/RimMT_V0.9.3_T27.8_Production.zip
AC8D6537368231AF7788E6F27DA4D68FAE2604B95F572E896C25FD68A7B31B4A	239612	RimMT_V0.9.3_T28_Production__AC8D65373682.zip	Rimworld-Project-c10-build/build/RimMT_V0.9.3_T28_Production.zip
0E25B8DC017FFDAAC41FD200457F5C8B7580DEE5F2157F92F09BC42BDBD793E2	239658	RimMT_V0.9.3_T32A_Production__0E25B8DC017F.zip	Rimworld-Project-c10-build/build/RimMT_V0.9.3_T32A_Production.zip
589E40B90D4C8B096906FB8B2440D8B62CF1D246DB747DA5D464A1754360353C	240440	RimMT_V0.9.3_T32B_Production__589E40B90D4C.zip	Rimworld-Project-c10-build/build/RimMT_V0.9.3_T32B_Production.zip
1E1F85A226CE7B92919C2382F21AAA9B03388CF03F27C4CCBCD6D51263A835A9	241638	RimMT_V0.9.3_T32B1_Production__1E1F85A226CE.zip	Rimworld-Project-c10-build/build/RimMT_V0.9.3_T32B1_Production.zip
5B90F0673733597733A136AEAFE73D7808FDB90AC0282640659272A45BE49E25	242341	RimMT_V0.9.3_T32C_Production__5B90F0673733.zip	Rimworld-Project-c10-build/build/RimMT_V0.9.3_T32C_Production.zip
958D5DA3899D27B3063138210CB9ACF2FBC3EDDF26BBA5DD9EA72CAD126BD65E	242888	RimMT_V0.9.3_T32C1_Production__958D5DA3899D.zip	Rimworld-Project-c10-build/build/RimMT_V0.9.3_T32C1_Production.zip
86016131E9BCF0FB8062C24AD80FFFB5C53A6EDA9E946C213EB44E2F4F99886C	242948	RimMT_V0.9.3_T34A_AsyncCandidateFabric__86016131E9BC.zip	Rimworld-Project-c10-build/build/RimMT_V0.9.3_T34A_AsyncCandidateFabric.zip
B7740B6452EBC74AEC08367541097779106D5E5D7EF0A8914541FD58365C83C4	250472	RimMT_V0.9.3_T34B_ScannerParallelFabric__B7740B6452EB.zip	Rimworld-Project-c10-build/build/RimMT_V0.9.3_T34B_ScannerParallelFabric.zip
035DAB48C67DE6687628EE1DA286AB79C075A4986C82609E6A4161E85E85BA80	259389	RimMT_V0.9.3_T34C7_ReuseGatedClassificationKernel__035DAB48C67D.zip	Rimworld-Project-c10-build/build/RimMT_V0.9.3_T34C7_ReuseGatedClassificationKernel.zip
D841D5197B145A607EE9039330AC00378540ED1C5D390A51C7656DDB42BDE856	34362	RimMT_Diagnostics_v0.10__D841D5197B14.zip	Rimworld-Project-c11-build/build/RimMT_Diagnostics_v0.10.zip
F01F5C176DF136D61E1D1C48F10C8A283E4C962AD70BE0D9F93E7EFC3AA806A9	34341	RimMT_Diagnostics_v0.11__F01F5C176DF1.zip	Rimworld-Project-c11-build/build/RimMT_Diagnostics_v0.11.zip
7DDD486D69508A540F1096F4E3AF11F4E6DCF4CCD2AEEE4F045AD7B3EB992858	34368	RimMT_Diagnostics_v0.12__7DDD486D6950.zip	Rimworld-Project-c11-build/build/RimMT_Diagnostics_v0.12.zip
B762A93E41FFD9677C8E96F661D85E202BF056F818FE53273563FAD6CFA3C935	34404	RimMT_Diagnostics_v0.13__B762A93E41FF.zip	Rimworld-Project-c11-build/build/RimMT_Diagnostics_v0.13.zip
3E1D4942F8BDBFB484ABE98E677A05BBF1CF0DC846AB07ACEDC925039CCBA73B	34379	RimMT_Diagnostics_v0.14__3E1D4942F8BD.zip	Rimworld-Project-c11-build/build/RimMT_Diagnostics_v0.14.zip
06D97021648029C2A73443C947CF3364AFE90959CFE15717E2A1BAA7BB3DB65E	34461	RimMT_Diagnostics_v0.17_T34A__06D970216480.zip	Rimworld-Project-c11-build/build/RimMT_Diagnostics_v0.17_T34A.zip
384251DDF0F540B3EEBD0D37F992AB7E3780F86D15F1D3232CF205A7C573E922	34495	RimMT_Diagnostics_v0.18_T34B__384251DDF0F5.zip	Rimworld-Project-c11-build/build/RimMT_Diagnostics_v0.18_T34B.zip
16E4A14B400CDF38138CB450A1CAAB24B0112B388416093ACC563C8FC7C05134	34483	RimMT_Diagnostics_v0.19.7_T34C7__16E4A14B400C.zip	Rimworld-Project-c11-build/build/RimMT_Diagnostics_v0.19.7_T34C7.zip
B65517BB752DAD8D312E3DE83728A5C144576F525FD8888367A24F979B4ABB7C	33757	RimMT_Diagnostics_v0.3__B65517BB752D.zip	Rimworld-Project-c11-build/build/RimMT_Diagnostics_v0.3.zip
AFA105522C8CB5050B58E5AD7358AC08F4A8837DD8B0FD2E5309FC1FD2777BFB	34407	RimMT_Diagnostics_v0.5__AFA105522C8C.zip	Rimworld-Project-c11-build/build/RimMT_Diagnostics_v0.5.zip
9E14ACA66D640CBEE7D12BD6974E0EDBD83ABE702D6AEB1BA1570883B4EFC7C0	34397	RimMT_Diagnostics_v0.6__9E14ACA66D64.zip	Rimworld-Project-c11-build/build/RimMT_Diagnostics_v0.6.zip
37B7C63777352263B193EA608D85936944FD70440D47F396BD130B9DCA4A5F9D	275905	RimMT_T27.6_With_Diagnostics_Bundle__37B7C6377735.zip	Rimworld-Project-c11-build/build/RimMT_T27.6_With_Diagnostics_Bundle.zip
D94B3A7EC3E164D89BD738CB67E0A7AFE29947FAB51787A09EF0D73170988122	274112	RimMT_T27.8_With_Diagnostics_Bundle__D94B3A7EC3E1.zip	Rimworld-Project-c11-build/build/RimMT_T27.8_With_Diagnostics_Bundle.zip
CE109AF9ACF3F242747539DC15B11A8961A72A82304EF4A9E8D4BF29E79A5F81	273986	RimMT_T28_With_Diagnostics_Bundle__CE109AF9ACF3.zip	Rimworld-Project-c11-build/build/RimMT_T28_With_Diagnostics_Bundle.zip
EEC2857FED1BBDD26300FA6956CC7E559A28877B34AC761EEBB0848733ACC3AC	274006	RimMT_T32A_With_Diagnostics_Bundle__EEC2857FED1B.zip	Rimworld-Project-c11-build/build/RimMT_T32A_With_Diagnostics_Bundle.zip
D7E213BE958CF0D1B5435343B49613E492CA38608810FF3926D426C70692584D	274763	RimMT_T32B_With_Diagnostics_Bundle__D7E213BE958C.zip	Rimworld-Project-c11-build/build/RimMT_T32B_With_Diagnostics_Bundle.zip
8558CF73E4E7EA78122480E58369EBA2AD0CDD17A7203302C91403A4C0BA79FF	275973	RimMT_T32B1_With_Diagnostics_Bundle__8558CF73E4E7.zip	Rimworld-Project-c11-build/build/RimMT_T32B1_With_Diagnostics_Bundle.zip
6DE21EBCAFBF810012E27BE34D98C3CB8E0778230C51ECC102DAC6108A959868	276727	RimMT_T32C_With_Diagnostics_Bundle__6DE21EBCAFBF.zip	Rimworld-Project-c11-build/build/RimMT_T32C_With_Diagnostics_Bundle.zip
89502B15B07BB6C651473B9F18E02BE3E4CEA733169D7C32FD7D4C88C2E4DBD8	277249	RimMT_T32C1_With_Diagnostics_Bundle__89502B15B07B.zip	Rimworld-Project-c11-build/build/RimMT_T32C1_With_Diagnostics_Bundle.zip
A4D9C6D99B39CB5E3FA67ED86A7A507BC26A54E760DB3CCB83A2FDF17DF310DD	277383	RimMT_T34A_AsyncCandidateFabric_Bundle__A4D9C6D99B39.zip	Rimworld-Project-c11-build/build/RimMT_T34A_AsyncCandidateFabric_Bundle.zip
372D5FE2D2779B630A0253CF3581530E4B7A0FB3960F113FBC9DC9A55F694075	284940	RimMT_T34B_ScannerParallelFabric_Bundle__372D5FE2D277.zip	Rimworld-Project-c11-build/build/RimMT_T34B_ScannerParallelFabric_Bundle.zip
B7800ACAA6A32F397FCBC46AFF753B584BA4B340DD0D26A67B7B4EE01ADB3DE5	305154	RimMT_T34C10_TargetCountParallelFabric_Bundle__B7800ACAA6A3.zip	Rimworld-Project-c11-build/build/RimMT_T34C10_TargetCountParallelFabric_Bundle.zip
2A560363C725E7712A0F9DDA1DD2B46C1E8B1FFCCC338C629B58A2CEE5B439FA	311534	RimMT_T34C11_HaulEligibilityParallelFabric_Bundle__2A560363C725.zip	Rimworld-Project-c11-build/build/RimMT_T34C11_HaulEligibilityParallelFabric_Bundle.zip
010D2EC463EBA40384DC7F0BB462C250812C1544FAF79159F2AEA554207E9127	293841	RimMT_T34C7_ReuseGatedClassificationKernel_Bundle__010D2EC463EB.zip	Rimworld-Project-c11-build/build/RimMT_T34C7_ReuseGatedClassificationKernel_Bundle.zip
CB2CBEB3555F1F3351CEBB08780B2B415DCE2AA3A0F39F9FB1629D6417D73D72	297144	RimMT_T34C8_RootFrameStallCensus_Bundle__CB2CBEB3555F.zip	Rimworld-Project-c11-build/build/RimMT_T34C8_RootFrameStallCensus_Bundle.zip
288F91B0B2A1864615635696450909765BC45D67B2CA23E79635A616188FBBD2	300604	RimMT_T34C9_ParallelDoBillReadiness_Bundle__288F91B0B2A1.zip	Rimworld-Project-c11-build/build/RimMT_T34C9_ParallelDoBillReadiness_Bundle.zip
522395A5FC682979432B117F46AA4709CDFBF20AE111491567F8F86515DF12FE	242170	RimMT_V0.9.3_T27.6_Production__522395A5FC68.zip	Rimworld-Project-c11-build/build/RimMT_V0.9.3_T27.6_Production.zip
719FFF22D11394490B4627B286BAAD85F1A70BC30E799FE5258ED6F7CE28E159	239727	RimMT_V0.9.3_T27.8_Production__719FFF22D113.zip	Rimworld-Project-c11-build/build/RimMT_V0.9.3_T27.8_Production.zip
97805F1093BFD3CBAE10262FD1E902111A382B0706D34BEDC0DA12978DB3F562	239611	RimMT_V0.9.3_T28_Production__97805F1093BF.zip	Rimworld-Project-c11-build/build/RimMT_V0.9.3_T28_Production.zip
354471792A53E7311F2A8C054A912E5685C3588E6D8FF5A94388ED098C862D17	239666	RimMT_V0.9.3_T32A_Production__354471792A53.zip	Rimworld-Project-c11-build/build/RimMT_V0.9.3_T32A_Production.zip
B907EF9F7E80503E4E62F9D1DE17B5668E2CB3F21D7C9976BE51E412E43589D0	240444	RimMT_V0.9.3_T32B_Production__B907EF9F7E80.zip	Rimworld-Project-c11-build/build/RimMT_V0.9.3_T32B_Production.zip
FBF6F7F0128666B052651BB0C6770FA1FD19B7E3050B94BAC6329FA9B358A32D	241627	RimMT_V0.9.3_T32B1_Production__FBF6F7F01286.zip	Rimworld-Project-c11-build/build/RimMT_V0.9.3_T32B1_Production.zip
A795170C118B31033E4559B6A683D1F922E9077CFDE2C9CBEC637F93207F2B56	242345	RimMT_V0.9.3_T32C_Production__A795170C118B.zip	Rimworld-Project-c11-build/build/RimMT_V0.9.3_T32C_Production.zip
CE629CB8FC3661ACA7AEB5052ECA7158214CA4EE5877CF2B4888FB2FCA1AB954	242892	RimMT_V0.9.3_T32C1_Production__CE629CB8FC36.zip	Rimworld-Project-c11-build/build/RimMT_V0.9.3_T32C1_Production.zip
EA782B63C0AB48869316C13F51AC094AD6FAB34A2DD25F319A38CB643E652D1D	242944	RimMT_V0.9.3_T34A_AsyncCandidateFabric__EA782B63C0AB.zip	Rimworld-Project-c11-build/build/RimMT_V0.9.3_T34A_AsyncCandidateFabric.zip
307C5BF44AC711C7DC8A91A181F5F59800BA7447BF7993C273E9453F5302C660	250467	RimMT_V0.9.3_T34B_ScannerParallelFabric__307C5BF44AC7.zip	Rimworld-Project-c11-build/build/RimMT_V0.9.3_T34B_ScannerParallelFabric.zip
0D9177EA8069D65AA4CDE515FC5B2E40B895520779C2C36E327A06F24B51098E	259380	RimMT_V0.9.3_T34C7_ReuseGatedClassificationKernel__0D9177EA8069.zip	Rimworld-Project-c11-build/build/RimMT_V0.9.3_T34C7_ReuseGatedClassificationKernel.zip
9EB30552E74D7A1DCE2D7C9D94C6CD4139F49D78645A315C30D2031B333B8060	34365	RimMT_Diagnostics_v0.10__9EB30552E74D.zip	Rimworld-Project-c11-validation/build/RimMT_Diagnostics_v0.10.zip
48CB0CFD5CAB167411BBD5481C09883BB4A0C6FFFE9C5EDB9F06DA72CA6C5F3F	34344	RimMT_Diagnostics_v0.11__48CB0CFD5CAB.zip	Rimworld-Project-c11-validation/build/RimMT_Diagnostics_v0.11.zip
441559D4DC9595ED31DD4FF914C13CF0B78329AC4E5121D1FD7903B20C07CE93	34371	RimMT_Diagnostics_v0.12__441559D4DC95.zip	Rimworld-Project-c11-validation/build/RimMT_Diagnostics_v0.12.zip
83524A5E13C0C0E1256165DEE5EBC7F3A725725822B58C520473D005441DD269	34398	RimMT_Diagnostics_v0.13__83524A5E13C0.zip	Rimworld-Project-c11-validation/build/RimMT_Diagnostics_v0.13.zip
1197120284D783293E2E459AE9B61DA887053E4FF85BF66559B1269302954E59	34378	RimMT_Diagnostics_v0.14__1197120284D7.zip	Rimworld-Project-c11-validation/build/RimMT_Diagnostics_v0.14.zip
AF3F1569F463E36F4D387E3B8DDD11A2F58D0E8F0A9DDA81310C30716117051A	34466	RimMT_Diagnostics_v0.17_T34A__AF3F1569F463.zip	Rimworld-Project-c11-validation/build/RimMT_Diagnostics_v0.17_T34A.zip
A81B79342477913E392721A31BB700C42FE23F948D8C077A98C1DD863664E9E8	34502	RimMT_Diagnostics_v0.18_T34B__A81B79342477.zip	Rimworld-Project-c11-validation/build/RimMT_Diagnostics_v0.18_T34B.zip
650C31614073D694C0A38F32AAC24F082FC8BC0F089960B365F6715EE0340262	34495	RimMT_Diagnostics_v0.19.7_T34C7__650C31614073.zip	Rimworld-Project-c11-validation/build/RimMT_Diagnostics_v0.19.7_T34C7.zip
F4B1BEADAA829EF9E4FE0D15ECBA39E96571B34982A53DD211C0736E6AC37927	33762	RimMT_Diagnostics_v0.3__F4B1BEADAA82.zip	Rimworld-Project-c11-validation/build/RimMT_Diagnostics_v0.3.zip
789A0160D768B90E90B56D91D96D8E2A8E872B6223088A8505E9ED3F20CF559E	34410	RimMT_Diagnostics_v0.5__789A0160D768.zip	Rimworld-Project-c11-validation/build/RimMT_Diagnostics_v0.5.zip
179D3DB33442E4BBCFD0A7B57C4FC171E8E5482A1E1DE56E37980C86CB76EEF6	34405	RimMT_Diagnostics_v0.6__179D3DB33442.zip	Rimworld-Project-c11-validation/build/RimMT_Diagnostics_v0.6.zip
3B9C5F1398B4D2F0C23DE66E6EEA37033227F609D06D8FDB0E01CBEB08E2DC94	275921	RimMT_T27.6_With_Diagnostics_Bundle__3B9C5F1398B4.zip	Rimworld-Project-c11-validation/build/RimMT_T27.6_With_Diagnostics_Bundle.zip
7592DECE41F3D2BB5267A638D3C962F0E88E89273453F2C8F7EB66CC42D3AFEF	274101	RimMT_T27.8_With_Diagnostics_Bundle__7592DECE41F3.zip	Rimworld-Project-c11-validation/build/RimMT_T27.8_With_Diagnostics_Bundle.zip
16D9820412D536CEB3EA076682C23CF442013E9E07CE097810EF3C26F17D6469	273970	RimMT_T28_With_Diagnostics_Bundle__16D9820412D5.zip	Rimworld-Project-c11-validation/build/RimMT_T28_With_Diagnostics_Bundle.zip
1E5B5E6DB0C5143DF2A13AD832E4073F17EB19D369CB6BBEE206D33B69AD226D	274002	RimMT_T32A_With_Diagnostics_Bundle__1E5B5E6DB0C5.zip	Rimworld-Project-c11-validation/build/RimMT_T32A_With_Diagnostics_Bundle.zip
4419B5E823413F789DDB27503C5B5B6C62563B2CC696526BC7AE8265DBC40925	274748	RimMT_T32B_With_Diagnostics_Bundle__4419B5E82341.zip	Rimworld-Project-c11-validation/build/RimMT_T32B_With_Diagnostics_Bundle.zip
BB04E64CBB062B92F97A9444B581E07AF91F0E4CDAFDB704E850D9996DE3B0B2	275968	RimMT_T32B1_With_Diagnostics_Bundle__BB04E64CBB06.zip	Rimworld-Project-c11-validation/build/RimMT_T32B1_With_Diagnostics_Bundle.zip
E4E1DDA72AA6B405145BCC2C87D784687243B92A7DB369FC49B52BCDE215C90F	276728	RimMT_T32C_With_Diagnostics_Bundle__E4E1DDA72AA6.zip	Rimworld-Project-c11-validation/build/RimMT_T32C_With_Diagnostics_Bundle.zip
2F38AD3FD044347EA61F28870F4AC82BE3FBF3273FFD0DB74E4DB4A280AF7536	277236	RimMT_T32C1_With_Diagnostics_Bundle__2F38AD3FD044.zip	Rimworld-Project-c11-validation/build/RimMT_T32C1_With_Diagnostics_Bundle.zip
CD4114A3BDB92B88B596E2F61438C3B86B8E6BDA83AD9065BE19EFE1BB6A40D6	277382	RimMT_T34A_AsyncCandidateFabric_Bundle__CD4114A3BDB9.zip	Rimworld-Project-c11-validation/build/RimMT_T34A_AsyncCandidateFabric_Bundle.zip
1429B07DAC20239A38E482BC257FD05494B8FCFB660B7EB91463E04B3D0AC687	284955	RimMT_T34B_ScannerParallelFabric_Bundle__1429B07DAC20.zip	Rimworld-Project-c11-validation/build/RimMT_T34B_ScannerParallelFabric_Bundle.zip
2BF1B7B766F7D8DEE8CB46EA39F77129C1CCA2F0287C10FE128ECD1722914077	305179	RimMT_T34C10_TargetCountParallelFabric_Bundle__2BF1B7B766F7.zip	Rimworld-Project-c11-validation/build/RimMT_T34C10_TargetCountParallelFabric_Bundle.zip
2BE0669CE18D33AFD2998EFC4B994EACBAC5B4C6D76AA4F90B570BA45A450C63	311264	RimMT_T34C11_HaulEligibilityParallelFabric_Bundle__2BE0669CE18D.zip	Rimworld-Project-c11-validation/build/RimMT_T34C11_HaulEligibilityParallelFabric_Bundle.zip
8A260645DCD7195DE976B0B81BE4A6EE2041D6AD5F30716D00BFCC6084D3FF5C	293842	RimMT_T34C7_ReuseGatedClassificationKernel_Bundle__8A260645DCD7.zip	Rimworld-Project-c11-validation/build/RimMT_T34C7_ReuseGatedClassificationKernel_Bundle.zip
11EEE9F2C8960E3AA6C23CEF27A6CA93AAD6CBAF1E344C21D835CE929FAFE144	297163	RimMT_T34C8_RootFrameStallCensus_Bundle__11EEE9F2C896.zip	Rimworld-Project-c11-validation/build/RimMT_T34C8_RootFrameStallCensus_Bundle.zip
37F9EF380D1F3A7E22AE62B1DEECF6984E8A0C2D0E63B7E41DD5FDA30D71CBF2	300623	RimMT_T34C9_ParallelDoBillReadiness_Bundle__37F9EF380D1F.zip	Rimworld-Project-c11-validation/build/RimMT_T34C9_ParallelDoBillReadiness_Bundle.zip
511C72492A964F0B9041ACE16EBE237494DBCFE89BD604D9AB8F5AD6081BEE8F	242181	RimMT_V0.9.3_T27.6_Production__511C72492A96.zip	Rimworld-Project-c11-validation/build/RimMT_V0.9.3_T27.6_Production.zip
937214028FFA93F1337E036C1E38CA55B46550F23205BF0E0D6DA5AC0231AD86	239713	RimMT_V0.9.3_T27.8_Production__937214028FFA.zip	Rimworld-Project-c11-validation/build/RimMT_V0.9.3_T27.8_Production.zip
1B45B2106045309E28E3EE74BD7CD525193D9DCE131C9C245E96CF134D4E39B0	239587	RimMT_V0.9.3_T28_Production__1B45B2106045.zip	Rimworld-Project-c11-validation/build/RimMT_V0.9.3_T28_Production.zip
6A06F4AB7A0E7E479DB12F82E8A1C2C61F6DBACBAAC2CE932A652A5C59D3FF09	239659	RimMT_V0.9.3_T32A_Production__6A06F4AB7A0E.zip	Rimworld-Project-c11-validation/build/RimMT_V0.9.3_T32A_Production.zip
8C0A3D48FBC98F633DBF24F395BEA469D6F82DFF931D5E8891E646CD37EAFCC8	240426	RimMT_V0.9.3_T32B_Production__8C0A3D48FBC9.zip	Rimworld-Project-c11-validation/build/RimMT_V0.9.3_T32B_Production.zip
A1640459FF54A2470D032E7C9465D87DBF21AAAF72AD05AC3EF0578332E3F6F7	241619	RimMT_V0.9.3_T32B1_Production__A1640459FF54.zip	Rimworld-Project-c11-validation/build/RimMT_V0.9.3_T32B1_Production.zip
A2C942B75DC8266197241D6FBB56F370F4ADB05CA8F35E6A079DC7B8643DAA37	242352	RimMT_V0.9.3_T32C_Production__A2C942B75DC8.zip	Rimworld-Project-c11-validation/build/RimMT_V0.9.3_T32C_Production.zip
5D77565B34FA33925FA605445B1546F38B89807F2BACB0B8725CC6094E25ADDD	242880	RimMT_V0.9.3_T32C1_Production__5D77565B34FA.zip	Rimworld-Project-c11-validation/build/RimMT_V0.9.3_T32C1_Production.zip
97B65147D93F6E766EB05BF49AC2B43D7E12D7739F54564A204397125779E473	242938	RimMT_V0.9.3_T34A_AsyncCandidateFabric__97B65147D93F.zip	Rimworld-Project-c11-validation/build/RimMT_V0.9.3_T34A_AsyncCandidateFabric.zip
C09E397E9F7EF5ACA45A8A1AE1DA856A1525E827CCD7620F8866B64CB5756A0B	250475	RimMT_V0.9.3_T34B_ScannerParallelFabric__C09E397E9F7E.zip	Rimworld-Project-c11-validation/build/RimMT_V0.9.3_T34B_ScannerParallelFabric.zip
9DED1EEDE5D5B50247D79D295AE6851C11DD52F5C232D40F223F0684E5EFFF1C	259369	RimMT_V0.9.3_T34C7_ReuseGatedClassificationKernel__9DED1EEDE5D5.zip	Rimworld-Project-c11-validation/build/RimMT_V0.9.3_T34C7_ReuseGatedClassificationKernel.zip
88B07F016DEAD114FEDCDE7915F739140FBB97AE30BC441B9211B0129DDEBA29	34339	RimMT_Diagnostics_v0.10__88B07F016DEA.zip	Rimworld-Project/build/RimMT_Diagnostics_v0.10.zip
A7007FA2330B6CA585C161E261581E069D56366B10AEF2FA5E6E80631B8BC3B2	34319	RimMT_Diagnostics_v0.11__A7007FA2330B.zip	Rimworld-Project/build/RimMT_Diagnostics_v0.11.zip
D46A4C6469C8886BFDAE8DAB68EC2DD98827DA5A0C668715CAA6A1C1A4C944FD	34342	RimMT_Diagnostics_v0.12__D46A4C6469C8.zip	Rimworld-Project/build/RimMT_Diagnostics_v0.12.zip
CB1A92D6CE5DD0A067418DA97C70FE51DF2F356C1BB57E5C6A5ED8B26DBAF00B	34379	RimMT_Diagnostics_v0.13__CB1A92D6CE5D.zip	Rimworld-Project/build/RimMT_Diagnostics_v0.13.zip
97911C51F9C623014B9BD38F6EF3B034BC4D85FFEEEF3F409CC668FACFC1B9E5	34354	RimMT_Diagnostics_v0.14__97911C51F9C6.zip	Rimworld-Project/build/RimMT_Diagnostics_v0.14.zip
63ECB837E5476AC88420CFD65DFC8A070ADAF16003CA519590710C47CDB31641	34438	RimMT_Diagnostics_v0.17_T34A__63ECB837E547.zip	Rimworld-Project/build/RimMT_Diagnostics_v0.17_T34A.zip
019DDC8F398F6BEF70D8785E23592B5B98665D8FBE5C004687EE3BCA78851BAC	34477	RimMT_Diagnostics_v0.18_T34B__019DDC8F398F.zip	Rimworld-Project/build/RimMT_Diagnostics_v0.18_T34B.zip
0D6F43431D72751470E123F22546E9F735C78ED832DA5525FC81DF22A9C96EDC	33776	RimMT_Diagnostics_v0.19_T34C__0D6F43431D72.zip	Rimworld-Project/build/RimMT_Diagnostics_v0.19_T34C.zip
86D2A0E86168AE92B833CD0AF6252E2F033973BC366358D2DC8490E8BBDAD84F	33845	RimMT_Diagnostics_v0.19.1_T34C1__86D2A0E86168.zip	Rimworld-Project/build/RimMT_Diagnostics_v0.19.1_T34C1.zip
150598801EA6A756E958E1AE9299F5FF005A93876C2E286A695303E765582DBE	34526	RimMT_Diagnostics_v0.19.2_T34C2__150598801EA6.zip	Rimworld-Project/build/RimMT_Diagnostics_v0.19.2_T34C2.zip
DA4ADD5B262BB5BEA3680935F2844E6BEDF9ADD25F3EC5B5E719B0705363A1E7	34528	RimMT_Diagnostics_v0.19.3_T34C3__DA4ADD5B262B.zip	Rimworld-Project/build/RimMT_Diagnostics_v0.19.3_T34C3.zip
77620526033D2476C4B370FF1B5170EE1E2E32948717456A6520B39B8F78E02E	34498	RimMT_Diagnostics_v0.19.4_T34C4__77620526033D.zip	Rimworld-Project/build/RimMT_Diagnostics_v0.19.4_T34C4.zip
968FD3FB157BF23CD715140B89894A930015E9CAD8798A39480C9CDF9AC7FD11	34468	RimMT_Diagnostics_v0.19.5_T34C5__968FD3FB157B.zip	Rimworld-Project/build/RimMT_Diagnostics_v0.19.5_T34C5.zip
D921C0734054FC0D8B7851E15766EA0ABD5E6954FE128695521FA792D12BF26D	34466	RimMT_Diagnostics_v0.19.6_T34C6__D921C0734054.zip	Rimworld-Project/build/RimMT_Diagnostics_v0.19.6_T34C6.zip
124552BC39B56853A3D2D5F12A19AC578A7EA9CB7FC0ADD975AD50300BA5EFD5	34470	RimMT_Diagnostics_v0.19.7_T34C7__124552BC39B5.zip	Rimworld-Project/build/RimMT_Diagnostics_v0.19.7_T34C7.zip
DB34F1057620FEAB9C404DD880625C7940C98C9CBEAF0F1373188FF7D5EDFB68	33738	RimMT_Diagnostics_v0.3__DB34F1057620.zip	Rimworld-Project/build/RimMT_Diagnostics_v0.3.zip
4CDF3A3C0387F1E4B8D5B72EDE2BBC99979FE8F00C9095B6ED7E3415F386AA4C	34385	RimMT_Diagnostics_v0.5__4CDF3A3C0387.zip	Rimworld-Project/build/RimMT_Diagnostics_v0.5.zip
973139FACE3104D9F84E5401559994C00E60410B938864D0284AC26F875450EE	34381	RimMT_Diagnostics_v0.6__973139FACE31.zip	Rimworld-Project/build/RimMT_Diagnostics_v0.6.zip
3E9166299DD97E2ACE1D216AB0F28B2F8C848FF2814B595D26C9854676F2D889	275872	RimMT_T27.6_With_Diagnostics_Bundle__3E9166299DD9.zip	Rimworld-Project/build/RimMT_T27.6_With_Diagnostics_Bundle.zip
FC570B4372BF2E336E793F6A698D084D484AC6C1E4D95EC79E7D8260761166CC	274055	RimMT_T27.8_With_Diagnostics_Bundle__FC570B4372BF.zip	Rimworld-Project/build/RimMT_T27.8_With_Diagnostics_Bundle.zip
E2E97B771A6D715D08C123B44E9184090208C73B4A145AD9DEF46B54FD17CC6B	273941	RimMT_T28_With_Diagnostics_Bundle__E2E97B771A6D.zip	Rimworld-Project/build/RimMT_T28_With_Diagnostics_Bundle.zip
CA0539B4F3F6C5D4293008DD2489610663942C56B085351EC852F5FBEE90657B	273974	RimMT_T32A_With_Diagnostics_Bundle__CA0539B4F3F6.zip	Rimworld-Project/build/RimMT_T32A_With_Diagnostics_Bundle.zip
77E1E15BCA97C72C42583EFDF0BB5A460F28668765C3F31688341EEC8B54CB6F	274717	RimMT_T32B_With_Diagnostics_Bundle__77E1E15BCA97.zip	Rimworld-Project/build/RimMT_T32B_With_Diagnostics_Bundle.zip
49C8924A290181928B279E6ED69C3838801FDB7CA0E8E7CB1C60EDAD3DB482E4	275937	RimMT_T32B1_With_Diagnostics_Bundle__49C8924A2901.zip	Rimworld-Project/build/RimMT_T32B1_With_Diagnostics_Bundle.zip
92B50B973099B57C43DE1BE82B44E3FD1CEC8932A7A71D97B33A2C5918B50D5A	276708	RimMT_T32C_With_Diagnostics_Bundle__92B50B973099.zip	Rimworld-Project/build/RimMT_T32C_With_Diagnostics_Bundle.zip
E11B9B97AF32890861D75DDF5BEC26265B4C0EC2A5DB42F5641424BA186D8216	277218	RimMT_T32C1_With_Diagnostics_Bundle__E11B9B97AF32.zip	Rimworld-Project/build/RimMT_T32C1_With_Diagnostics_Bundle.zip
692C89D1D444F90A788A5215EB772DFAF3D3117816348C9ED07868FC76A6A8A5	277357	RimMT_T34A_AsyncCandidateFabric_Bundle__692C89D1D444.zip	Rimworld-Project/build/RimMT_T34A_AsyncCandidateFabric_Bundle.zip
2107FBF4BA13D0C1D9A34BE9EC8EC47B44D1B3A20493795E2515E51F4D51FF2B	284911	RimMT_T34B_ScannerParallelFabric_Bundle__2107FBF4BA13.zip	Rimworld-Project/build/RimMT_T34B_ScannerParallelFabric_Bundle.zip
0087C3FEF799BBFB66B15720695D54695D86CA0D3BAF70D5DB383CF7FEFB5523	287140	RimMT_T34C_ParallelCandidateClassification_Bundle__0087C3FEF799.zip	Rimworld-Project/build/RimMT_T34C_ParallelCandidateClassification_Bundle.zip
2114B5780C171023AD6306FA597D249E9D62377F2B74862D1A206D71DB5CC5D1	287646	RimMT_T34C1_AuthorityCoexistence_Bundle__2114B5780C17.zip	Rimworld-Project/build/RimMT_T34C1_AuthorityCoexistence_Bundle.zip
2ABAC7248C6F76D2650B406C9F8E18A5FBCCC201742C69C7BEBCF04D6B97CBD4	290356	RimMT_T34C2_SourceIndexedClassificationReuse_Bundle__2ABAC7248C6F.zip	Rimworld-Project/build/RimMT_T34C2_SourceIndexedClassificationReuse_Bundle.zip
5C069B3EAC964E3DC3E4CBBE9A0192D4EC04219E02832071A6676F26CBB3646D	292321	RimMT_T34C3_AuthorityKernelYieldCensus_Bundle__5C069B3EAC96.zip	Rimworld-Project/build/RimMT_T34C3_AuthorityKernelYieldCensus_Bundle.zip
6C21D3239C2610D7A98641174A7CBFCDB42C75A5EEABA052B01947D69C6EA41D	293913	RimMT_T34C4_RefuelEligibilityShadowCensus_Bundle__6C21D3239C26.zip	Rimworld-Project/build/RimMT_T34C4_RefuelEligibilityShadowCensus_Bundle.zip
834994AAB6A3ADD5A6D5C6783CD095BFDDD8994743818901290BA122C6259DBB	293491	RimMT_T34C5_RefuelFullNegativeKernel_Bundle__834994AAB6A3.zip	Rimworld-Project/build/RimMT_T34C5_RefuelFullNegativeKernel_Bundle.zip
0B03561E4F0366B5FFF7156A8379ECE1B9F903E3A8B5C5E24502593581AC0CDE	293744	RimMT_T34C6_RefuelDriftTolerantKernel_Bundle__0B03561E4F03.zip	Rimworld-Project/build/RimMT_T34C6_RefuelDriftTolerantKernel_Bundle.zip
CADB77D4C6A4240D1C885E832C4620B020C15473FC916EECC0D4140B43AF3848	293827	RimMT_T34C7_ReuseGatedClassificationKernel_Bundle__CADB77D4C6A4.zip	Rimworld-Project/build/RimMT_T34C7_ReuseGatedClassificationKernel_Bundle.zip
A96B16D6C47DE2DB7FB1D4ED68C4E12D9ED5C3A7D0647047B8DC75ED8BF47542	297106	RimMT_T34C8_RootFrameStallCensus_Bundle__A96B16D6C47D.zip	Rimworld-Project/build/RimMT_T34C8_RootFrameStallCensus_Bundle.zip
09A1A52A9698C0CE1E03D130C1F87FCAEE1AC50A7773269B793ACEF90782D3CC	300584	RimMT_T34C9_ParallelDoBillReadiness_Bundle__09A1A52A9698.zip	Rimworld-Project/build/RimMT_T34C9_ParallelDoBillReadiness_Bundle.zip
160A5777FA21A657322551B59908DC5540FEA9A196B2EB91C37B1F6404A201A5	242156	RimMT_V0.9.3_T27.6_Production__160A5777FA21.zip	Rimworld-Project/build/RimMT_V0.9.3_T27.6_Production.zip
315B1499EB5B1F6FC66584663FB1AD183B2511A809BEA561D342AD2D8BCBA1F6	239692	RimMT_V0.9.3_T27.8_Production__315B1499EB5B.zip	Rimworld-Project/build/RimMT_V0.9.3_T27.8_Production.zip
4CA283ADAFFED1C2D12C397C5EBD2569AD8389AD97D2DECBA30162EEB5F80476	239582	RimMT_V0.9.3_T28_Production__4CA283ADAFFE.zip	Rimworld-Project/build/RimMT_V0.9.3_T28_Production.zip
F0582170B94566DC0CE83C6192AC097C508EE29CE83E7D1343CE08CBA130EF67	239657	RimMT_V0.9.3_T32A_Production__F0582170B945.zip	Rimworld-Project/build/RimMT_V0.9.3_T32A_Production.zip
E8CE3E425807AD227A403710D27B9694285E3790588ABF5B0C5FBB69C6E4863F	240420	RimMT_V0.9.3_T32B_Production__E8CE3E425807.zip	Rimworld-Project/build/RimMT_V0.9.3_T32B_Production.zip
EBBF12053A68B8F79307A8A59AF4C7AF897D1330EB6174C9F713C24BEE093F3A	241617	RimMT_V0.9.3_T32B1_Production__EBBF12053A68.zip	Rimworld-Project/build/RimMT_V0.9.3_T32B1_Production.zip
6BAE15DDB3B963F50C04F371C8BA6600343696E50E3E9FDA5E48762B0E8E4857	242351	RimMT_V0.9.3_T32C_Production__6BAE15DDB3B9.zip	Rimworld-Project/build/RimMT_V0.9.3_T32C_Production.zip
C85328506101745D553948AA77B2C663202B80A87DE89B0E29AF70EA4B659D96	242886	RimMT_V0.9.3_T32C1_Production__C85328506101.zip	Rimworld-Project/build/RimMT_V0.9.3_T32C1_Production.zip
7B919B8AA7DB0F606E5BF41A97678A799E8C2B785DEA8917144A069629141E09	242941	RimMT_V0.9.3_T34A_AsyncCandidateFabric__7B919B8AA7DB.zip	Rimworld-Project/build/RimMT_V0.9.3_T34A_AsyncCandidateFabric.zip
BD5C6847DC12ADB2537A920F629A57AF9DC69C035CCFF5189E5E79F75F9E7FDC	250456	RimMT_V0.9.3_T34B_ScannerParallelFabric__BD5C6847DC12.zip	Rimworld-Project/build/RimMT_V0.9.3_T34B_ScannerParallelFabric.zip
8917A78F95F5D501D688FEFA3011921F2EB928A9A80FBBB3B04D4B4DB5271C4F	253386	RimMT_V0.9.3_T34C_ParallelCandidateClassification__8917A78F95F5.zip	Rimworld-Project/build/RimMT_V0.9.3_T34C_ParallelCandidateClassification.zip
A35E83EDB87D29C0682FEC4FBB4764BF9605C9127F049EED35B71E44C89D69D1	253823	RimMT_V0.9.3_T34C1_AuthorityCoexistence__A35E83EDB87D.zip	Rimworld-Project/build/RimMT_V0.9.3_T34C1_AuthorityCoexistence.zip
B8AE63E99EA2DB0CC34EA60A98E716E4F18113A440B47F80B24139253E26FAB6	255852	RimMT_V0.9.3_T34C2_SourceIndexedClassificationReuse__B8AE63E99EA2.zip	Rimworld-Project/build/RimMT_V0.9.3_T34C2_SourceIndexedClassificationReuse.zip
F2F46ABB5CA2EA4546617352B6852DF308180F5DD251D58DAB9B5B6352256B0A	257815	RimMT_V0.9.3_T34C3_AuthorityKernelYieldCensus__F2F46ABB5CA2.zip	Rimworld-Project/build/RimMT_V0.9.3_T34C3_AuthorityKernelYieldCensus.zip
3FAFB5538BA81D140B64AD77680326CB9EC11B6DE1BD01AAB729851486D7697E	259437	RimMT_V0.9.3_T34C4_RefuelEligibilityShadowCensus__3FAFB5538BA8.zip	Rimworld-Project/build/RimMT_V0.9.3_T34C4_RefuelEligibilityShadowCensus.zip
6425DB32097C3A62B4C94A01BBBFBA791964E0D271EE4BD2601840A58A224038	259045	RimMT_V0.9.3_T34C5_RefuelFullNegativeKernel__6425DB32097C.zip	Rimworld-Project/build/RimMT_V0.9.3_T34C5_RefuelFullNegativeKernel.zip
2BD7233B6A8DFC91BD7F0563809E5EA2EBF4E2BC8E28FF5D9D202167E4DD86EE	259300	RimMT_V0.9.3_T34C6_RefuelDriftTolerantKernel__2BD7233B6A8D.zip	Rimworld-Project/build/RimMT_V0.9.3_T34C6_RefuelDriftTolerantKernel.zip
4CE5CF0A4D9CBCD91BD93673FB32D7E854348AE73BB590E068E2936AE81E5892	259379	RimMT_V0.9.3_T34C7_ReuseGatedClassificationKernel__4CE5CF0A4D9C.zip	Rimworld-Project/build/RimMT_V0.9.3_T34C7_ReuseGatedClassificationKernel.zip
DC71EF2914570EA1F0BC41CA50C219C57665CEAC1E9F98F7A09A8E1A47DB2391	20183	RimMT_S5.3_Composite_Optimizer__DC71EF291457.zip	SMF15-worktree/dist-artifacts/RimMT_S5.3_Composite_Optimizer.zip
30EE60B1BB99CDF8329D63226540DD8821416E28CBF3689EC1C873122571BF21	86724	RimMT_V0.4.11_Playtest__30EE60B1BB99.zip	SMF15-worktree/dist-artifacts/RimMT_V0.4.11_Playtest.zip
F86D839520729E02A0815DDB5552562D099777C2C7D2758CDCC5BFDBAEF13D1A	88544	RimMT_V0.4.12_Playtest__F86D83952072.zip	SMF15-worktree/dist-artifacts/RimMT_V0.4.12_Playtest.zip
2EAF8C686A181B7BF93C98C0954FBE38C02F4B0BA2250F19A091168C71980B49	88652	RimMT_V0.4.13_Playtest__2EAF8C686A18.zip	SMF15-worktree/dist-artifacts/RimMT_V0.4.13_Playtest.zip
597FB81B2271B87D8434618AE07B10D3BAB6F8610FF5E4DE30F2E0BF50431F17	93767	RimMT_V0.4.14_Playtest__597FB81B2271.zip	SMF15-worktree/dist-artifacts/RimMT_V0.4.14_Playtest.zip
17866ADB24279F06462BDAA41820040B2734051555E6A0F9D1390759DCEBEC8A	100579	RimMT_V0.4.15_Playtest__17866ADB2427.zip	SMF15-worktree/dist-artifacts/RimMT_V0.4.15_Playtest.zip
7BEEAD65803678948A76D096B98EB3A5B9E806C85BCED4FE26FACF607F9C8298	111169	RimMT_V0.4.16_Playtest__7BEEAD658036.zip	SMF15-worktree/dist-artifacts/RimMT_V0.4.16_Playtest.zip
9C83039F96A29311D00D7E8695635DFCE05C344ED56A7B26281844793BBD4BAB	111044	RimMT_V0.4.16.1_Playtest__9C83039F96A2.zip	SMF15-worktree/dist-artifacts/RimMT_V0.4.16.1_Playtest.zip
7257F55B7960FCF8A6588ACA1A676F8F24AADC8D7CB3DC5B6C7C196A46601A8B	111192	RimMT_V0.4.16.2_Playtest__7257F55B7960.zip	SMF15-worktree/dist-artifacts/RimMT_V0.4.16.2_Playtest.zip
5C51AE6E8E7963F65BCA12E0FB2539C113648EDD33E3973043DA636EF1711EBB	111405	RimMT_V0.4.16.3_Playtest__5C51AE6E8E79.zip	SMF15-worktree/dist-artifacts/RimMT_V0.4.16.3_Playtest.zip
63D9E31535AC25FD3F5BB4197131BE96CFE62B01FC7AAC128CE127FFC948A6D8	120689	RimMT_V0.4.17_Playtest__63D9E31535AC.zip	SMF15-worktree/dist-artifacts/RimMT_V0.4.17_Playtest.zip
E28633D466EE49AF78DAB7620BEF284AC1F8B25546FB20F4BF0E2C447F596A85	123820	RimMT_V0.4.17.1_Playtest__E28633D466EE.zip	SMF15-worktree/dist-artifacts/RimMT_V0.4.17.1_Playtest.zip
CF673C99A256289DF342278F7C8B48D3B3D42406603F069241A1D6E19C6F0620	130051	RimMT_V0.4.17.2_Playtest__CF673C99A256.zip	SMF15-worktree/dist-artifacts/RimMT_V0.4.17.2_Playtest.zip
7C804DA36BAFB5D688BDD6FC93CA501739ED5A5BE62F0214257A44DED8C3574A	22106	RimMT_V0.4.19_JS1.1S5.2_NoResult_Origin_Diagnostics_Sidecar__7C804DA36BAF.zip	SMF15-worktree/dist-artifacts/RimMT_V0.4.19_JS1.1S5.2_NoResult_Origin_Diagnostics_Sidecar.zip
4B446DF013827247E44046FD45C943F063E769326F1F2F5447EAE2FF0203BA0B	130044	RimMT_V0.4.19_JS1.1S5.2_NoResult_Origin_Profiler__4B446DF01382.zip	SMF15-worktree/dist-artifacts/RimMT_V0.4.19_JS1.1S5.2_NoResult_Origin_Profiler.zip
